{
  "epoch:38": {
    "acc: ": 99.61,
    "f1: ": 0.994,
    "auc: ": 1.0
  },
  "epoch:32": {
    "acc: ": 99.53,
    "f1: ": 0.993,
    "auc: ": 1.0
  },
  "epoch:37": {
    "acc: ": 99.53,
    "f1: ": 0.993,
    "auc: ": 1.0
  },
  "epoch:39": {
    "acc: ": 99.53,
    "f1: ": 0.992,
    "auc: ": 1.0
  },
  "epoch:41": {
    "acc: ": 99.53,
    "f1: ": 0.993,
    "auc: ": 1.0
  },
  "epoch:42": {
    "acc: ": 99.53,
    "f1: ": 0.993,
    "auc: ": 1.0
  },
  "epoch:43": {
    "acc: ": 99.53,
    "f1: ": 0.993,
    "auc: ": 1.0
  },
  "epoch:44": {
    "acc: ": 99.53,
    "f1: ": 0.993,
    "auc: ": 1.0
  },
  "epoch:45": {
    "acc: ": 99.53,
    "f1: ": 0.993,
    "auc: ": 1.0
  },
  "epoch:46": {
    "acc: ": 99.53,
    "f1: ": 0.993,
    "auc: ": 1.0
  },
  "best10_mean": 99.53799999999998,
  "best10_f1_mean": 0.9930000000000001,
  "best10_auc_mean": 1.0
}