{
  "epoch:45": {
    "acc: ": 94.29,
    "f1: ": 0.942,
    "auc: ": 0.994
  },
  "epoch:49": {
    "acc: ": 94.29,
    "f1: ": 0.942,
    "auc: ": 0.995
  },
  "epoch:46": {
    "acc: ": 93.93,
    "f1: ": 0.939,
    "auc: ": 0.994
  },
  "epoch:47": {
    "acc: ": 93.93,
    "f1: ": 0.939,
    "auc: ": 0.995
  },
  "epoch:48": {
    "acc: ": 93.93,
    "f1: ": 0.939,
    "auc: ": 0.995
  },
  "epoch:44": {
    "acc: ": 92.5,
    "f1: ": 0.924,
    "auc: ": 0.993
  },
  "epoch:41": {
    "acc: ": 91.79,
    "f1: ": 0.917,
    "auc: ": 0.991
  },
  "epoch:43": {
    "acc: ": 91.07,
    "f1: ": 0.911,
    "auc: ": 0.992
  },
  "epoch:38": {
    "acc: ": 89.64,
    "f1: ": 0.896,
    "auc: ": 0.986
  },
  "epoch:39": {
    "acc: ": 88.93,
    "f1: ": 0.888,
    "auc: ": 0.987
  },
  "best10_mean": 92.42999999999999,
  "best10_f1_mean": 0.9237,
  "best10_auc_mean": 0.9922000000000001
}