{
  "epoch:33": {
    "acc: ": 98.91,
    "f1: ": 0.986,
    "auc: ": 1.0
  },
  "epoch:36": {
    "acc: ": 98.83,
    "f1: ": 0.986,
    "auc: ": 1.0
  },
  "epoch:38": {
    "acc: ": 98.83,
    "f1: ": 0.985,
    "auc: ": 1.0
  },
  "epoch:42": {
    "acc: ": 98.83,
    "f1: ": 0.986,
    "auc: ": 1.0
  },
  "epoch:43": {
    "acc: ": 98.83,
    "f1: ": 0.986,
    "auc: ": 1.0
  },
  "epoch:46": {
    "acc: ": 98.83,
    "f1: ": 0.986,
    "auc: ": 1.0
  },
  "epoch:47": {
    "acc: ": 98.83,
    "f1: ": 0.986,
    "auc: ": 1.0
  },
  "epoch:48": {
    "acc: ": 98.83,
    "f1: ": 0.986,
    "auc: ": 1.0
  },
  "epoch:49": {
    "acc: ": 98.83,
    "f1: ": 0.986,
    "auc: ": 1.0
  },
  "epoch:40": {
    "acc: ": 98.75,
    "f1: ": 0.985,
    "auc: ": 1.0
  },
  "best10_mean": 98.83000000000001,
  "best10_f1_mean": 0.9857999999999999,
  "best10_auc_mean": 1.0
}