{
  "epoch:7": {
    "acc: ": 87.76,
    "f1: ": 0.832,
    "auc: ": 0.972
  },
  "epoch:25": {
    "acc: ": 86.93,
    "f1: ": 0.822,
    "auc: ": 0.955
  },
  "epoch:33": {
    "acc: ": 86.5,
    "f1: ": 0.811,
    "auc: ": 0.958
  },
  "epoch:30": {
    "acc: ": 86.45,
    "f1: ": 0.812,
    "auc: ": 0.961
  },
  "epoch:21": {
    "acc: ": 86.26,
    "f1: ": 0.802,
    "auc: ": 0.953
  },
  "epoch:27": {
    "acc: ": 86.22,
    "f1: ": 0.805,
    "auc: ": 0.949
  },
  "epoch:31": {
    "acc: ": 85.49,
    "f1: ": 0.8,
    "auc: ": 0.958
  },
  "epoch:37": {
    "acc: ": 84.91,
    "f1: ": 0.792,
    "auc: ": 0.957
  },
  "epoch:32": {
    "acc: ": 84.8,
    "f1: ": 0.794,
    "auc: ": 0.954
  },
  "epoch:38": {
    "acc: ": 84.78,
    "f1: ": 0.792,
    "auc: ": 0.953
  },
  "best10_mean": 86.00999999999999,
  "best10_f1_mean": 0.8061999999999999,
  "best10_auc_mean": 0.9569999999999999
}