{
  "epoch:42": {
    "acc: ": 94.64,
    "f1: ": 0.946,
    "auc: ": 0.995
  },
  "epoch:40": {
    "acc: ": 93.93,
    "f1: ": 0.939,
    "auc: ": 0.992
  },
  "epoch:48": {
    "acc: ": 93.57,
    "f1: ": 0.936,
    "auc: ": 0.995
  },
  "epoch:43": {
    "acc: ": 93.21,
    "f1: ": 0.932,
    "auc: ": 0.994
  },
  "epoch:45": {
    "acc: ": 93.21,
    "f1: ": 0.932,
    "auc: ": 0.995
  },
  "epoch:46": {
    "acc: ": 93.21,
    "f1: ": 0.932,
    "auc: ": 0.995
  },
  "epoch:47": {
    "acc: ": 93.21,
    "f1: ": 0.932,
    "auc: ": 0.996
  },
  "epoch:49": {
    "acc: ": 93.21,
    "f1: ": 0.932,
    "auc: ": 0.995
  },
  "epoch:38": {
    "acc: ": 92.5,
    "f1: ": 0.925,
    "auc: ": 0.991
  },
  "epoch:41": {
    "acc: ": 92.5,
    "f1: ": 0.925,
    "auc: ": 0.992
  },
  "best10_mean": 93.319,
  "best10_f1_mean": 0.9331000000000002,
  "best10_auc_mean": 0.9940000000000001
}