{
  "epoch:67": {
    "acc: ": 98.6,
    "f1: ": 0.979,
    "auc: ": 1.0
  },
  "epoch:68": {
    "acc: ": 98.6,
    "f1: ": 0.98,
    "auc: ": 1.0
  },
  "epoch:69": {
    "acc: ": 98.52,
    "f1: ": 0.979,
    "auc: ": 1.0
  },
  "epoch:66": {
    "acc: ": 98.21,
    "f1: ": 0.973,
    "auc: ": 1.0
  },
  "epoch:62": {
    "acc: ": 98.13,
    "f1: ": 0.973,
    "auc: ": 1.0
  },
  "epoch:65": {
    "acc: ": 97.82,
    "f1: ": 0.97,
    "auc: ": 1.0
  },
  "epoch:64": {
    "acc: ": 95.64,
    "f1: ": 0.945,
    "auc: ": 0.999
  },
  "epoch:63": {
    "acc: ": 94.94,
    "f1: ": 0.924,
    "auc: ": 0.997
  },
  "epoch:61": {
    "acc: ": 93.61,
    "f1: ": 0.908,
    "auc: ": 0.995
  },
  "epoch:51": {
    "acc: ": 86.14,
    "f1: ": 0.828,
    "auc: ": 0.992
  },
  "best10_mean": 96.02099999999999,
  "best10_f1_mean": 0.9459,
  "best10_auc_mean": 0.9983000000000001
}