{
  "epoch:36": {
    "acc: ": 98.99,
    "f1: ": 0.983,
    "auc: ": 0.999
  },
  "epoch:38": {
    "acc: ": 98.99,
    "f1: ": 0.984,
    "auc: ": 0.999
  },
  "epoch:35": {
    "acc: ": 98.91,
    "f1: ": 0.982,
    "auc: ": 0.999
  },
  "epoch:43": {
    "acc: ": 98.83,
    "f1: ": 0.981,
    "auc: ": 0.999
  },
  "epoch:45": {
    "acc: ": 98.83,
    "f1: ": 0.981,
    "auc: ": 0.999
  },
  "epoch:41": {
    "acc: ": 98.75,
    "f1: ": 0.981,
    "auc: ": 0.999
  },
  "epoch:42": {
    "acc: ": 98.68,
    "f1: ": 0.979,
    "auc: ": 0.999
  },
  "epoch:44": {
    "acc: ": 98.68,
    "f1: ": 0.979,
    "auc: ": 0.999
  },
  "epoch:46": {
    "acc: ": 98.68,
    "f1: ": 0.979,
    "auc: ": 0.999
  },
  "epoch:47": {
    "acc: ": 98.68,
    "f1: ": 0.979,
    "auc: ": 0.999
  },
  "best10_mean": 98.80200000000002,
  "best10_f1_mean": 0.9807999999999998,
  "best10_auc_mean": 0.999
}