{
  "epoch:15": {
    "acc: ": 89.77,
    "f1: ": 0.834,
    "auc: ": 0.968
  },
  "epoch:18": {
    "acc: ": 88.85,
    "f1: ": 0.831,
    "auc: ": 0.983
  },
  "epoch:32": {
    "acc: ": 88.79,
    "f1: ": 0.836,
    "auc: ": 0.972
  },
  "epoch:34": {
    "acc: ": 88.46,
    "f1: ": 0.83,
    "auc: ": 0.982
  },
  "epoch:30": {
    "acc: ": 88.41,
    "f1: ": 0.829,
    "auc: ": 0.975
  },
  "epoch:41": {
    "acc: ": 88.29,
    "f1: ": 0.833,
    "auc: ": 0.976
  },
  "epoch:36": {
    "acc: ": 88.19,
    "f1: ": 0.828,
    "auc: ": 0.975
  },
  "epoch:25": {
    "acc: ": 88.08,
    "f1: ": 0.821,
    "auc: ": 0.966
  },
  "epoch:27": {
    "acc: ": 87.99,
    "f1: ": 0.829,
    "auc: ": 0.978
  },
  "epoch:37": {
    "acc: ": 87.83,
    "f1: ": 0.83,
    "auc: ": 0.979
  },
  "best10_mean": 88.46600000000001,
  "best10_f1_mean": 0.8301000000000001,
  "best10_auc_mean": 0.9753999999999999
}