{
  "epoch:41": {
    "acc: ": 98.75,
    "f1: ": 0.983,
    "auc: ": 0.999
  },
  "epoch:42": {
    "acc: ": 98.75,
    "f1: ": 0.983,
    "auc: ": 0.999
  },
  "epoch:47": {
    "acc: ": 98.75,
    "f1: ": 0.983,
    "auc: ": 0.999
  },
  "epoch:43": {
    "acc: ": 98.68,
    "f1: ": 0.981,
    "auc: ": 0.999
  },
  "epoch:45": {
    "acc: ": 98.68,
    "f1: ": 0.981,
    "auc: ": 0.999
  },
  "epoch:46": {
    "acc: ": 98.68,
    "f1: ": 0.981,
    "auc: ": 0.999
  },
  "epoch:48": {
    "acc: ": 98.68,
    "f1: ": 0.981,
    "auc: ": 0.999
  },
  "epoch:49": {
    "acc: ": 98.68,
    "f1: ": 0.981,
    "auc: ": 0.999
  },
  "epoch:38": {
    "acc: ": 98.6,
    "f1: ": 0.981,
    "auc: ": 0.999
  },
  "epoch:39": {
    "acc: ": 98.6,
    "f1: ": 0.981,
    "auc: ": 0.999
  },
  "best10_mean": 98.68500000000002,
  "best10_f1_mean": 0.9815999999999999,
  "best10_auc_mean": 0.999
}