{
  "epoch:11": {
    "acc: ": 93.32,
    "f1: ": 0.914,
    "auc: ": 0.994
  },
  "epoch:12": {
    "acc: ": 91.27,
    "f1: ": 0.879,
    "auc: ": 0.992
  },
  "epoch:13": {
    "acc: ": 89.9,
    "f1: ": 0.859,
    "auc: ": 0.991
  },
  "epoch:29": {
    "acc: ": 89.74,
    "f1: ": 0.874,
    "auc: ": 0.989
  },
  "epoch:16": {
    "acc: ": 89.64,
    "f1: ": 0.867,
    "auc: ": 0.987
  },
  "epoch:24": {
    "acc: ": 89.37,
    "f1: ": 0.857,
    "auc: ": 0.983
  },
  "epoch:31": {
    "acc: ": 89.25,
    "f1: ": 0.863,
    "auc: ": 0.985
  },
  "epoch:34": {
    "acc: ": 89.11,
    "f1: ": 0.863,
    "auc: ": 0.989
  },
  "epoch:22": {
    "acc: ": 88.6,
    "f1: ": 0.854,
    "auc: ": 0.987
  },
  "epoch:30": {
    "acc: ": 88.33,
    "f1: ": 0.844,
    "auc: ": 0.989
  },
  "best10_mean": 89.85300000000001,
  "best10_f1_mean": 0.8674000000000002,
  "best10_auc_mean": 0.9885999999999999
}