{
  "epoch:41": {
    "acc: ": 83.93,
    "f1: ": 0.839,
    "auc: ": 0.964
  },
  "epoch:45": {
    "acc: ": 83.57,
    "f1: ": 0.836,
    "auc: ": 0.963
  },
  "epoch:47": {
    "acc: ": 82.86,
    "f1: ": 0.83,
    "auc: ": 0.965
  },
  "epoch:46": {
    "acc: ": 81.79,
    "f1: ": 0.818,
    "auc: ": 0.961
  },
  "epoch:48": {
    "acc: ": 81.79,
    "f1: ": 0.819,
    "auc: ": 0.963
  },
  "epoch:42": {
    "acc: ": 81.43,
    "f1: ": 0.812,
    "auc: ": 0.955
  },
  "epoch:44": {
    "acc: ": 78.93,
    "f1: ": 0.79,
    "auc: ": 0.959
  },
  "epoch:35": {
    "acc: ": 77.14,
    "f1: ": 0.766,
    "auc: ": 0.941
  },
  "epoch:37": {
    "acc: ": 75.71,
    "f1: ": 0.748,
    "auc: ": 0.944
  },
  "epoch:49": {
    "acc: ": 75.71,
    "f1: ": 0.759,
    "auc: ": 0.95
  },
  "best10_mean": 80.28600000000002,
  "best10_f1_mean": 0.8017,
  "best10_auc_mean": 0.9564999999999998
}