{
  "epoch:12": {
    "acc: ": 90.45,
    "f1: ": 0.874,
    "auc: ": 0.99
  },
  "epoch:4": {
    "acc: ": 88.3,
    "f1: ": 0.851,
    "auc: ": 0.988
  },
  "epoch:13": {
    "acc: ": 88.03,
    "f1: ": 0.84,
    "auc: ": 0.986
  },
  "epoch:5": {
    "acc: ": 86.28,
    "f1: ": 0.842,
    "auc: ": 0.984
  },
  "epoch:2": {
    "acc: ": 84.51,
    "f1: ": 0.823,
    "auc: ": 0.981
  },
  "epoch:9": {
    "acc: ": 84.23,
    "f1: ": 0.8,
    "auc: ": 0.98
  },
  "epoch:8": {
    "acc: ": 83.63,
    "f1: ": 0.784,
    "auc: ": 0.976
  },
  "epoch:7": {
    "acc: ": 82.73,
    "f1: ": 0.804,
    "auc: ": 0.977
  },
  "epoch:10": {
    "acc: ": 81.64,
    "f1: ": 0.767,
    "auc: ": 0.972
  },
  "epoch:6": {
    "acc: ": 80.11,
    "f1: ": 0.776,
    "auc: ": 0.983
  },
  "best10_mean": 84.991,
  "best10_f1_mean": 0.8161000000000002,
  "best10_auc_mean": 0.9817000000000002
}