{
  "epoch:43": {
    "acc: ": 97.14,
    "f1: ": 0.971,
    "auc: ": 0.998
  },
  "epoch:44": {
    "acc: ": 97.14,
    "f1: ": 0.971,
    "auc: ": 0.998
  },
  "epoch:39": {
    "acc: ": 96.79,
    "f1: ": 0.968,
    "auc: ": 0.998
  },
  "epoch:42": {
    "acc: ": 96.79,
    "f1: ": 0.968,
    "auc: ": 0.998
  },
  "epoch:49": {
    "acc: ": 96.79,
    "f1: ": 0.968,
    "auc: ": 0.998
  },
  "epoch:46": {
    "acc: ": 96.43,
    "f1: ": 0.964,
    "auc: ": 0.998
  },
  "epoch:47": {
    "acc: ": 96.43,
    "f1: ": 0.964,
    "auc: ": 0.998
  },
  "epoch:40": {
    "acc: ": 96.07,
    "f1: ": 0.961,
    "auc: ": 0.997
  },
  "epoch:41": {
    "acc: ": 96.07,
    "f1: ": 0.961,
    "auc: ": 0.998
  },
  "epoch:45": {
    "acc: ": 96.07,
    "f1: ": 0.961,
    "auc: ": 0.998
  },
  "best10_mean": 96.57199999999997,
  "best10_f1_mean": 0.9657000000000002,
  "best10_auc_mean": 0.9978999999999999
}