{
  "epoch:45": {
    "acc: ": 98.57,
    "f1: ": 0.986,
    "auc: ": 1.0
  },
  "epoch:44": {
    "acc: ": 98.21,
    "f1: ": 0.982,
    "auc: ": 0.999
  },
  "epoch:48": {
    "acc: ": 98.21,
    "f1: ": 0.982,
    "auc: ": 1.0
  },
  "epoch:49": {
    "acc: ": 98.21,
    "f1: ": 0.982,
    "auc: ": 1.0
  },
  "epoch:46": {
    "acc: ": 97.86,
    "f1: ": 0.978,
    "auc: ": 1.0
  },
  "epoch:47": {
    "acc: ": 97.86,
    "f1: ": 0.978,
    "auc: ": 1.0
  },
  "epoch:43": {
    "acc: ": 97.5,
    "f1: ": 0.975,
    "auc: ": 0.999
  },
  "epoch:42": {
    "acc: ": 97.14,
    "f1: ": 0.971,
    "auc: ": 0.999
  },
  "epoch:37": {
    "acc: ": 96.07,
    "f1: ": 0.961,
    "auc: ": 0.998
  },
  "epoch:35": {
    "acc: ": 95.71,
    "f1: ": 0.957,
    "auc: ": 0.997
  },
  "best10_mean": 97.53399999999999,
  "best10_f1_mean": 0.9752000000000001,
  "best10_auc_mean": 0.9991999999999999
}