{
  "epoch:30": {
    "acc: ": 89.72,
    "f1: ": 0.857,
    "auc: ": 0.985
  },
  "epoch:31": {
    "acc: ": 89.66,
    "f1: ": 0.847,
    "auc: ": 0.985
  },
  "epoch:32": {
    "acc: ": 89.64,
    "f1: ": 0.844,
    "auc: ": 0.982
  },
  "epoch:37": {
    "acc: ": 89.64,
    "f1: ": 0.85,
    "auc: ": 0.985
  },
  "epoch:44": {
    "acc: ": 89.47,
    "f1: ": 0.85,
    "auc: ": 0.983
  },
  "epoch:45": {
    "acc: ": 89.47,
    "f1: ": 0.85,
    "auc: ": 0.984
  },
  "epoch:46": {
    "acc: ": 89.39,
    "f1: ": 0.849,
    "auc: ": 0.983
  },
  "epoch:23": {
    "acc: ": 89.3,
    "f1: ": 0.847,
    "auc: ": 0.988
  },
  "epoch:47": {
    "acc: ": 89.3,
    "f1: ": 0.849,
    "auc: ": 0.983
  },
  "epoch:48": {
    "acc: ": 89.26,
    "f1: ": 0.849,
    "auc: ": 0.983
  },
  "best10_mean": 89.48499999999999,
  "best10_f1_mean": 0.8492000000000001,
  "best10_auc_mean": 0.9841000000000001
}