{
  "epoch:4": {
    "acc: ": 84.24,
    "f1: ": 0.79,
    "auc: ": 0.979
  },
  "epoch:2": {
    "acc: ": 81.59,
    "f1: ": 0.762,
    "auc: ": 0.969
  },
  "epoch:8": {
    "acc: ": 79.87,
    "f1: ": 0.731,
    "auc: ": 0.981
  },
  "epoch:3": {
    "acc: ": 77.49,
    "f1: ": 0.709,
    "auc: ": 0.962
  },
  "epoch:12": {
    "acc: ": 75.73,
    "f1: ": 0.71,
    "auc: ": 0.939
  },
  "epoch:10": {
    "acc: ": 75.28,
    "f1: ": 0.697,
    "auc: ": 0.921
  },
  "epoch:21": {
    "acc: ": 73.18,
    "f1: ": 0.666,
    "auc: ": 0.946
  },
  "epoch:23": {
    "acc: ": 73.13,
    "f1: ": 0.643,
    "auc: ": 0.914
  },
  "epoch:33": {
    "acc: ": 73.07,
    "f1: ": 0.644,
    "auc: ": 0.911
  },
  "epoch:27": {
    "acc: ": 72.8,
    "f1: ": 0.638,
    "auc: ": 0.915
  },
  "best10_mean": 76.638,
  "best10_f1_mean": 0.6990000000000001,
  "best10_auc_mean": 0.9437000000000001
}