{
  "epoch:48": {
    "acc: ": 99.35,
    "f1: ": 0.993,
    "auc: ": 1.0
  },
  "epoch:47": {
    "acc: ": 99.33,
    "f1: ": 0.993,
    "auc: ": 1.0
  },
  "epoch:49": {
    "acc: ": 99.33,
    "f1: ": 0.993,
    "auc: ": 1.0
  },
  "epoch:44": {
    "acc: ": 99.32,
    "f1: ": 0.993,
    "auc: ": 1.0
  },
  "epoch:42": {
    "acc: ": 99.3,
    "f1: ": 0.993,
    "auc: ": 1.0
  },
  "epoch:46": {
    "acc: ": 99.3,
    "f1: ": 0.993,
    "auc: ": 1.0
  },
  "epoch:43": {
    "acc: ": 99.29,
    "f1: ": 0.993,
    "auc: ": 1.0
  },
  "epoch:41": {
    "acc: ": 99.27,
    "f1: ": 0.993,
    "auc: ": 1.0
  },
  "epoch:45": {
    "acc: ": 99.27,
    "f1: ": 0.993,
    "auc: ": 1.0
  },
  "epoch:40": {
    "acc: ": 99.26,
    "f1: ": 0.993,
    "auc: ": 1.0
  },
  "best10_mean": 99.30199999999999,
  "best10_f1_mean": 0.9930000000000001,
  "best10_auc_mean": 1.0
}