{
  "epoch:49": {
    "acc: ": 92.5,
    "f1: ": 0.925,
    "auc: ": 0.989
  },
  "epoch:46": {
    "acc: ": 73.21,
    "f1: ": 0.734,
    "auc: ": 0.93
  },
  "epoch:48": {
    "acc: ": 70.71,
    "f1: ": 0.695,
    "auc: ": 0.935
  },
  "epoch:47": {
    "acc: ": 69.29,
    "f1: ": 0.69,
    "auc: ": 0.923
  },
  "epoch:43": {
    "acc: ": 47.14,
    "f1: ": 0.458,
    "auc: ": 0.77
  },
  "epoch:44": {
    "acc: ": 37.86,
    "f1: ": 0.303,
    "auc: ": 0.683
  },
  "epoch:28": {
    "acc: ": 32.86,
    "f1: ": 0.221,
    "auc: ": 0.556
  },
  "epoch:41": {
    "acc: ": 31.07,
    "f1: ": 0.214,
    "auc: ": 0.609
  },
  "epoch:35": {
    "acc: ": 30.0,
    "f1: ": 0.201,
    "auc: ": 0.55
  },
  "epoch:21": {
    "acc: ": 28.21,
    "f1: ": 0.158,
    "auc: ": 0.525
  },
  "best10_mean": 51.285000000000004,
  "best10_f1_mean": 0.45990000000000003,
  "best10_auc_mean": 0.7470000000000001
}