{
  "epoch:49": {
    "acc: ": 99.21,
    "f1: ": 0.992,
    "auc: ": 1.0
  },
  "epoch:48": {
    "acc: ": 99.2,
    "f1: ": 0.992,
    "auc: ": 1.0
  },
  "epoch:47": {
    "acc: ": 99.18,
    "f1: ": 0.992,
    "auc: ": 1.0
  },
  "epoch:45": {
    "acc: ": 99.17,
    "f1: ": 0.992,
    "auc: ": 1.0
  },
  "epoch:46": {
    "acc: ": 99.17,
    "f1: ": 0.992,
    "auc: ": 1.0
  },
  "epoch:44": {
    "acc: ": 99.16,
    "f1: ": 0.991,
    "auc: ": 1.0
  },
  "epoch:42": {
    "acc: ": 99.15,
    "f1: ": 0.991,
    "auc: ": 1.0
  },
  "epoch:39": {
    "acc: ": 99.1,
    "f1: ": 0.991,
    "auc: ": 1.0
  },
  "epoch:41": {
    "acc: ": 99.1,
    "f1: ": 0.991,
    "auc: ": 1.0
  },
  "epoch:43": {
    "acc: ": 99.1,
    "f1: ": 0.991,
    "auc: ": 1.0
  },
  "best10_mean": 99.15400000000001,
  "best10_f1_mean": 0.9914999999999999,
  "best10_auc_mean": 1.0
}