{
  "epoch:43": {
    "acc: ": 97.43,
    "f1: ": 0.957,
    "auc: ": 0.998
  },
  "epoch:41": {
    "acc: ": 97.35,
    "f1: ": 0.956,
    "auc: ": 0.998
  },
  "epoch:42": {
    "acc: ": 97.35,
    "f1: ": 0.956,
    "auc: ": 0.998
  },
  "epoch:48": {
    "acc: ": 97.35,
    "f1: ": 0.956,
    "auc: ": 0.998
  },
  "epoch:49": {
    "acc: ": 97.27,
    "f1: ": 0.955,
    "auc: ": 0.998
  },
  "epoch:44": {
    "acc: ": 97.2,
    "f1: ": 0.953,
    "auc: ": 0.998
  },
  "epoch:47": {
    "acc: ": 97.2,
    "f1: ": 0.954,
    "auc: ": 0.998
  },
  "epoch:45": {
    "acc: ": 97.12,
    "f1: ": 0.952,
    "auc: ": 0.998
  },
  "epoch:46": {
    "acc: ": 97.12,
    "f1: ": 0.953,
    "auc: ": 0.998
  },
  "epoch:38": {
    "acc: ": 96.96,
    "f1: ": 0.952,
    "auc: ": 0.998
  },
  "best10_mean": 97.23500000000001,
  "best10_f1_mean": 0.9543999999999999,
  "best10_auc_mean": 0.998
}