{
  "epoch:47": {
    "acc: ": 96.07,
    "f1: ": 0.961,
    "auc: ": 0.995
  },
  "epoch:48": {
    "acc: ": 96.07,
    "f1: ": 0.961,
    "auc: ": 0.995
  },
  "epoch:49": {
    "acc: ": 96.07,
    "f1: ": 0.961,
    "auc: ": 0.995
  },
  "epoch:42": {
    "acc: ": 95.71,
    "f1: ": 0.957,
    "auc: ": 0.993
  },
  "epoch:45": {
    "acc: ": 95.71,
    "f1: ": 0.957,
    "auc: ": 0.995
  },
  "epoch:41": {
    "acc: ": 95.0,
    "f1: ": 0.95,
    "auc: ": 0.993
  },
  "epoch:43": {
    "acc: ": 95.0,
    "f1: ": 0.95,
    "auc: ": 0.994
  },
  "epoch:46": {
    "acc: ": 95.0,
    "f1: ": 0.95,
    "auc: ": 0.995
  },
  "epoch:38": {
    "acc: ": 94.64,
    "f1: ": 0.947,
    "auc: ": 0.994
  },
  "epoch:40": {
    "acc: ": 94.29,
    "f1: ": 0.943,
    "auc: ": 0.994
  },
  "best10_mean": 95.35599999999998,
  "best10_f1_mean": 0.9536999999999999,
  "best10_auc_mean": 0.9943
}