{
  "epoch:44": {
    "acc: ": 98.83,
    "f1: ": 0.984,
    "auc: ": 1.0
  },
  "epoch:45": {
    "acc: ": 98.75,
    "f1: ": 0.983,
    "auc: ": 1.0
  },
  "epoch:47": {
    "acc: ": 98.75,
    "f1: ": 0.982,
    "auc: ": 1.0
  },
  "epoch:49": {
    "acc: ": 98.75,
    "f1: ": 0.982,
    "auc: ": 1.0
  },
  "epoch:43": {
    "acc: ": 98.68,
    "f1: ": 0.982,
    "auc: ": 1.0
  },
  "epoch:46": {
    "acc: ": 98.68,
    "f1: ": 0.981,
    "auc: ": 1.0
  },
  "epoch:48": {
    "acc: ": 98.68,
    "f1: ": 0.981,
    "auc: ": 1.0
  },
  "epoch:39": {
    "acc: ": 98.6,
    "f1: ": 0.98,
    "auc: ": 1.0
  },
  "epoch:42": {
    "acc: ": 98.6,
    "f1: ": 0.98,
    "auc: ": 1.0
  },
  "epoch:41": {
    "acc: ": 98.52,
    "f1: ": 0.98,
    "auc: ": 1.0
  },
  "best10_mean": 98.68400000000001,
  "best10_f1_mean": 0.9815000000000002,
  "best10_auc_mean": 1.0
}