epoch,train_loss,eval_loss,eval_top1,eval_auc,eval_f1,test_loss,test_top1,test_auc,test_f1
0,1.214918696324885,0.8888,65.94,0.938,0.648,1.1147,63.66,0.89,0.553
1,0.46366507343707547,0.5963,78.8,0.982,0.781,0.9114,68.14,0.96,0.616
2,0.25417179307202714,0.628,79.78,0.981,0.784,1.0282,66.78,0.929,0.611
3,0.18447524741772683,0.5544,81.86,0.986,0.807,0.8556,73.48,0.95,0.668
4,0.1383933421878618,0.2456,91.7,0.997,0.92,0.9149,74.8,0.964,0.717
