{
  "epoch:40": {
    "acc: ": 99.64,
    "f1: ": 0.996,
    "auc: ": 1.0
  },
  "epoch:41": {
    "acc: ": 99.64,
    "f1: ": 0.996,
    "auc: ": 1.0
  },
  "epoch:44": {
    "acc: ": 99.64,
    "f1: ": 0.996,
    "auc: ": 1.0
  },
  "epoch:48": {
    "acc: ": 99.64,
    "f1: ": 0.996,
    "auc: ": 1.0
  },
  "epoch:49": {
    "acc: ": 99.64,
    "f1: ": 0.996,
    "auc: ": 1.0
  },
  "epoch:39": {
    "acc: ": 99.29,
    "f1: ": 0.993,
    "auc: ": 1.0
  },
  "epoch:43": {
    "acc: ": 99.29,
    "f1: ": 0.993,
    "auc: ": 1.0
  },
  "epoch:45": {
    "acc: ": 99.29,
    "f1: ": 0.993,
    "auc: ": 1.0
  },
  "epoch:46": {
    "acc: ": 99.29,
    "f1: ": 0.993,
    "auc: ": 1.0
  },
  "epoch:47": {
    "acc: ": 99.29,
    "f1: ": 0.993,
    "auc: ": 1.0
  },
  "best10_mean": 99.46499999999999,
  "best10_f1_mean": 0.9945000000000002,
  "best10_auc_mean": 1.0
}