{
  "epoch:68": {
    "acc: ": 96.43,
    "f1: ": 0.964,
    "auc: ": 0.996
  },
  "epoch:69": {
    "acc: ": 95.36,
    "f1: ": 0.954,
    "auc: ": 0.996
  },
  "epoch:66": {
    "acc: ": 95.0,
    "f1: ": 0.95,
    "auc: ": 0.995
  },
  "epoch:67": {
    "acc: ": 95.0,
    "f1: ": 0.95,
    "auc: ": 0.995
  },
  "epoch:65": {
    "acc: ": 93.57,
    "f1: ": 0.936,
    "auc: ": 0.993
  },
  "epoch:64": {
    "acc: ": 92.86,
    "f1: ": 0.928,
    "auc: ": 0.988
  },
  "epoch:61": {
    "acc: ": 87.86,
    "f1: ": 0.877,
    "auc: ": 0.986
  },
  "epoch:62": {
    "acc: ": 84.29,
    "f1: ": 0.839,
    "auc: ": 0.971
  },
  "epoch:63": {
    "acc: ": 81.43,
    "f1: ": 0.816,
    "auc: ": 0.965
  },
  "epoch:58": {
    "acc: ": 48.21,
    "f1: ": 0.473,
    "auc: ": 0.779
  },
  "best10_mean": 87.001,
  "best10_f1_mean": 0.8687000000000001,
  "best10_auc_mean": 0.9664000000000001
}