{
  "epoch:62": {
    "acc: ": 99.53,
    "f1: ": 0.992,
    "auc: ": 1.0
  },
  "epoch:63": {
    "acc: ": 99.53,
    "f1: ": 0.992,
    "auc: ": 1.0
  },
  "epoch:64": {
    "acc: ": 99.53,
    "f1: ": 0.992,
    "auc: ": 1.0
  },
  "epoch:66": {
    "acc: ": 99.53,
    "f1: ": 0.992,
    "auc: ": 1.0
  },
  "epoch:68": {
    "acc: ": 99.53,
    "f1: ": 0.992,
    "auc: ": 1.0
  },
  "epoch:50": {
    "acc: ": 99.45,
    "f1: ": 0.991,
    "auc: ": 1.0
  },
  "epoch:52": {
    "acc: ": 99.45,
    "f1: ": 0.991,
    "auc: ": 1.0
  },
  "epoch:65": {
    "acc: ": 99.45,
    "f1: ": 0.991,
    "auc: ": 1.0
  },
  "epoch:67": {
    "acc: ": 99.45,
    "f1: ": 0.991,
    "auc: ": 1.0
  },
  "epoch:69": {
    "acc: ": 99.45,
    "f1: ": 0.991,
    "auc: ": 1.0
  },
  "best10_mean": 99.49000000000002,
  "best10_f1_mean": 0.9914999999999999,
  "best10_auc_mean": 1.0
}