{
  "epoch:38": {
    "acc: ": 99.53,
    "f1: ": 0.993,
    "auc: ": 1.0
  },
  "epoch:40": {
    "acc: ": 99.53,
    "f1: ": 0.993,
    "auc: ": 1.0
  },
  "epoch:47": {
    "acc: ": 99.45,
    "f1: ": 0.992,
    "auc: ": 1.0
  },
  "epoch:48": {
    "acc: ": 99.45,
    "f1: ": 0.992,
    "auc: ": 1.0
  },
  "epoch:49": {
    "acc: ": 99.45,
    "f1: ": 0.992,
    "auc: ": 1.0
  },
  "epoch:37": {
    "acc: ": 99.38,
    "f1: ": 0.99,
    "auc: ": 1.0
  },
  "epoch:39": {
    "acc: ": 99.38,
    "f1: ": 0.99,
    "auc: ": 1.0
  },
  "epoch:41": {
    "acc: ": 99.38,
    "f1: ": 0.99,
    "auc: ": 1.0
  },
  "epoch:42": {
    "acc: ": 99.38,
    "f1: ": 0.99,
    "auc: ": 1.0
  },
  "epoch:33": {
    "acc: ": 99.3,
    "f1: ": 0.99,
    "auc: ": 1.0
  },
  "best10_mean": 99.42299999999999,
  "best10_f1_mean": 0.9912000000000001,
  "best10_auc_mean": 1.0
}