{
  "epoch:40": {
    "acc: ": 99.14,
    "f1: ": 0.987,
    "auc: ": 1.0
  },
  "epoch:41": {
    "acc: ": 99.07,
    "f1: ": 0.986,
    "auc: ": 1.0
  },
  "epoch:49": {
    "acc: ": 99.07,
    "f1: ": 0.986,
    "auc: ": 1.0
  },
  "epoch:39": {
    "acc: ": 98.99,
    "f1: ": 0.986,
    "auc: ": 1.0
  },
  "epoch:47": {
    "acc: ": 98.99,
    "f1: ": 0.986,
    "auc: ": 1.0
  },
  "epoch:37": {
    "acc: ": 98.91,
    "f1: ": 0.985,
    "auc: ": 1.0
  },
  "epoch:38": {
    "acc: ": 98.91,
    "f1: ": 0.984,
    "auc: ": 1.0
  },
  "epoch:42": {
    "acc: ": 98.91,
    "f1: ": 0.985,
    "auc: ": 1.0
  },
  "epoch:43": {
    "acc: ": 98.91,
    "f1: ": 0.985,
    "auc: ": 1.0
  },
  "epoch:45": {
    "acc: ": 98.91,
    "f1: ": 0.985,
    "auc: ": 1.0
  },
  "best10_mean": 98.98099999999998,
  "best10_f1_mean": 0.9854999999999998,
  "best10_auc_mean": 1.0
}