{
  "epoch:46": {
    "acc: ": 96.79,
    "f1: ": 0.968,
    "auc: ": 0.998
  },
  "epoch:44": {
    "acc: ": 96.43,
    "f1: ": 0.964,
    "auc: ": 0.998
  },
  "epoch:47": {
    "acc: ": 96.43,
    "f1: ": 0.964,
    "auc: ": 0.998
  },
  "epoch:48": {
    "acc: ": 96.43,
    "f1: ": 0.964,
    "auc: ": 0.998
  },
  "epoch:49": {
    "acc: ": 96.43,
    "f1: ": 0.964,
    "auc: ": 0.998
  },
  "epoch:42": {
    "acc: ": 96.07,
    "f1: ": 0.961,
    "auc: ": 0.998
  },
  "epoch:45": {
    "acc: ": 96.07,
    "f1: ": 0.96,
    "auc: ": 0.998
  },
  "epoch:38": {
    "acc: ": 95.36,
    "f1: ": 0.954,
    "auc: ": 0.998
  },
  "epoch:41": {
    "acc: ": 95.36,
    "f1: ": 0.953,
    "auc: ": 0.997
  },
  "epoch:43": {
    "acc: ": 95.36,
    "f1: ": 0.953,
    "auc: ": 0.998
  },
  "best10_mean": 96.07300000000001,
  "best10_f1_mean": 0.9604999999999999,
  "best10_auc_mean": 0.9979000000000001
}