{
  "epoch:38": {
    "acc: ": 99.14,
    "f1: ": 0.989,
    "auc: ": 1.0
  },
  "epoch:35": {
    "acc: ": 98.99,
    "f1: ": 0.987,
    "auc: ": 1.0
  },
  "epoch:32": {
    "acc: ": 98.91,
    "f1: ": 0.986,
    "auc: ": 1.0
  },
  "epoch:36": {
    "acc: ": 98.91,
    "f1: ": 0.986,
    "auc: ": 1.0
  },
  "epoch:45": {
    "acc: ": 98.91,
    "f1: ": 0.987,
    "auc: ": 1.0
  },
  "epoch:40": {
    "acc: ": 98.83,
    "f1: ": 0.985,
    "auc: ": 1.0
  },
  "epoch:44": {
    "acc: ": 98.83,
    "f1: ": 0.986,
    "auc: ": 1.0
  },
  "epoch:46": {
    "acc: ": 98.83,
    "f1: ": 0.986,
    "auc: ": 1.0
  },
  "epoch:47": {
    "acc: ": 98.83,
    "f1: ": 0.985,
    "auc: ": 1.0
  },
  "epoch:49": {
    "acc: ": 98.83,
    "f1: ": 0.985,
    "auc: ": 1.0
  },
  "best10_mean": 98.90100000000001,
  "best10_f1_mean": 0.9861999999999999,
  "best10_auc_mean": 1.0
}