{
  "epoch:47": {
    "acc: ": 97.86,
    "f1: ": 0.979,
    "auc: ": 0.998
  },
  "epoch:49": {
    "acc: ": 97.86,
    "f1: ": 0.979,
    "auc: ": 0.998
  },
  "epoch:44": {
    "acc: ": 97.5,
    "f1: ": 0.975,
    "auc: ": 0.997
  },
  "epoch:45": {
    "acc: ": 97.5,
    "f1: ": 0.975,
    "auc: ": 0.997
  },
  "epoch:48": {
    "acc: ": 97.5,
    "f1: ": 0.975,
    "auc: ": 0.998
  },
  "epoch:42": {
    "acc: ": 97.14,
    "f1: ": 0.971,
    "auc: ": 0.997
  },
  "epoch:46": {
    "acc: ": 97.14,
    "f1: ": 0.971,
    "auc: ": 0.998
  },
  "epoch:41": {
    "acc: ": 96.79,
    "f1: ": 0.968,
    "auc: ": 0.998
  },
  "epoch:43": {
    "acc: ": 96.43,
    "f1: ": 0.964,
    "auc: ": 0.998
  },
  "epoch:37": {
    "acc: ": 95.0,
    "f1: ": 0.95,
    "auc: ": 0.995
  },
  "best10_mean": 97.072,
  "best10_f1_mean": 0.9706999999999999,
  "best10_auc_mean": 0.9973999999999998
}