{
  "epoch:47": {
    "acc: ": 98.68,
    "f1: ": 0.983,
    "auc: ": 1.0
  },
  "epoch:46": {
    "acc: ": 98.6,
    "f1: ": 0.983,
    "auc: ": 1.0
  },
  "epoch:42": {
    "acc: ": 98.52,
    "f1: ": 0.98,
    "auc: ": 1.0
  },
  "epoch:48": {
    "acc: ": 98.44,
    "f1: ": 0.981,
    "auc: ": 1.0
  },
  "epoch:49": {
    "acc: ": 98.44,
    "f1: ": 0.981,
    "auc: ": 1.0
  },
  "epoch:45": {
    "acc: ": 98.36,
    "f1: ": 0.98,
    "auc: ": 1.0
  },
  "epoch:36": {
    "acc: ": 98.29,
    "f1: ": 0.979,
    "auc: ": 1.0
  },
  "epoch:38": {
    "acc: ": 98.29,
    "f1: ": 0.977,
    "auc: ": 1.0
  },
  "epoch:39": {
    "acc: ": 98.29,
    "f1: ": 0.979,
    "auc: ": 1.0
  },
  "epoch:41": {
    "acc: ": 98.29,
    "f1: ": 0.977,
    "auc: ": 1.0
  },
  "best10_mean": 98.41999999999999,
  "best10_f1_mean": 0.9800000000000001,
  "best10_auc_mean": 1.0
}