{
  "epoch:48": {
    "acc: ": 97.5,
    "f1: ": 0.975,
    "auc: ": 0.997
  },
  "epoch:41": {
    "acc: ": 97.14,
    "f1: ": 0.971,
    "auc: ": 0.996
  },
  "epoch:46": {
    "acc: ": 97.14,
    "f1: ": 0.971,
    "auc: ": 0.997
  },
  "epoch:47": {
    "acc: ": 97.14,
    "f1: ": 0.971,
    "auc: ": 0.997
  },
  "epoch:49": {
    "acc: ": 97.14,
    "f1: ": 0.971,
    "auc: ": 0.997
  },
  "epoch:44": {
    "acc: ": 96.79,
    "f1: ": 0.968,
    "auc: ": 0.997
  },
  "epoch:42": {
    "acc: ": 96.43,
    "f1: ": 0.964,
    "auc: ": 0.997
  },
  "epoch:45": {
    "acc: ": 96.43,
    "f1: ": 0.964,
    "auc: ": 0.997
  },
  "epoch:43": {
    "acc: ": 95.71,
    "f1: ": 0.957,
    "auc: ": 0.997
  },
  "epoch:34": {
    "acc: ": 92.5,
    "f1: ": 0.925,
    "auc: ": 0.991
  },
  "best10_mean": 96.39200000000001,
  "best10_f1_mean": 0.9637000000000002,
  "best10_auc_mean": 0.9963
}